index,timestamp,data,previous_hash,hash
0,2025-05-09 22:19:25.227100,Genesis Block,0,759b99c8c23377aff7cf77c36b6cafd80f4834b42752956cd7e4f1de694b27a7
1,2025-05-09 22:19:25.247767,"{'foo': 'bar', 'amount': 123}",759b99c8c23377aff7cf77c36b6cafd80f4834b42752956cd7e4f1de694b27a7,adda91f1d9a10a0a08a827548cbef78726153dfda6abc1bdf7f4aeab74055403
2,2025-05-09 22:19:25.247797,"{'foo': 'baz', 'amount': 456}",adda91f1d9a10a0a08a827548cbef78726153dfda6abc1bdf7f4aeab74055403,a00fd4ca5f2c477b62c688a6f6a0a53825cdff7a8458013059a7589b7509c849
3,2025-05-09 22:19:39.919117,"{'foo': 'bar', 'amount': 123}",a00fd4ca5f2c477b62c688a6f6a0a53825cdff7a8458013059a7589b7509c849,fba8753f65afa8061991db84cec98862bfee61a1a2359c2fc7cd706c93485d92
4,2025-05-09 22:19:39.919143,"{'foo': 'baz', 'amount': 456}",fba8753f65afa8061991db84cec98862bfee61a1a2359c2fc7cd706c93485d92,a354c52c16989db9d7507d3a83dc6e204d404b7f32b12d3bae141b9d43ca3f87
5,2025-05-09 22:19:40.587317,"{'foo': 'bar', 'amount': 123}",a354c52c16989db9d7507d3a83dc6e204d404b7f32b12d3bae141b9d43ca3f87,1686ad60fcef0df5d3fb752f7413bca7ebf76f55db4bfacafe589ab2c2322639
6,2025-05-09 22:19:40.587354,"{'foo': 'baz', 'amount': 456}",1686ad60fcef0df5d3fb752f7413bca7ebf76f55db4bfacafe589ab2c2322639,695c461ddde492ac2bf796b6b73ead7e8e3419a4773ab94b31eb82b12f5c5d14
7,2025-05-09 22:19:41.351394,"{'foo': 'bar', 'amount': 123}",695c461ddde492ac2bf796b6b73ead7e8e3419a4773ab94b31eb82b12f5c5d14,6dd77a3663f721289b04ce2875dcf1700cf0f5972a45b4a3eb36df2185420668
8,2025-05-09 22:19:41.351422,"{'foo': 'baz', 'amount': 456}",6dd77a3663f721289b04ce2875dcf1700cf0f5972a45b4a3eb36df2185420668,466441be2108069b1a857e89965b9959938ff06b496fa767fb91cf3be48cd1b5
9,2025-05-09 22:19:42.033113,"{'foo': 'bar', 'amount': 123}",466441be2108069b1a857e89965b9959938ff06b496fa767fb91cf3be48cd1b5,bb4b4f0660ced9261d2bfbf4359e66c3daaabbae4588d3c88b5487bcf8126d59
10,2025-05-09 22:19:42.033137,"{'foo': 'baz', 'amount': 456}",bb4b4f0660ced9261d2bfbf4359e66c3daaabbae4588d3c88b5487bcf8126d59,6c0cd5a0aaab874b41bf5c4b4b2083c7060c0a60cb65b958e7ecebff45ee0f06
11,2025-05-09 22:19:42.697674,"{'foo': 'bar', 'amount': 123}",6c0cd5a0aaab874b41bf5c4b4b2083c7060c0a60cb65b958e7ecebff45ee0f06,a6be3acb6ef629d317cdbbe27491ea12264cfc12d8fe86b798cfe5ce9daa3655
12,2025-05-09 22:19:42.697695,"{'foo': 'baz', 'amount': 456}",a6be3acb6ef629d317cdbbe27491ea12264cfc12d8fe86b798cfe5ce9daa3655,79d24b9509539cfc782d3868a99c462d1531c7cd659798b87a29fe137e0fc64f
13,2025-05-09 22:19:43.380249,"{'foo': 'bar', 'amount': 123}",79d24b9509539cfc782d3868a99c462d1531c7cd659798b87a29fe137e0fc64f,7524fbc06b2ea42262253fb8fb7dabdb300cb6039c869236afb8e522cd098e71
14,2025-05-09 22:19:43.380278,"{'foo': 'baz', 'amount': 456}",7524fbc06b2ea42262253fb8fb7dabdb300cb6039c869236afb8e522cd098e71,de024940c50dd6af9eceac7032824b90dd97e3fa39b438759983e3293dcaf6da
15,2025-05-09 22:19:44.065857,"{'foo': 'bar', 'amount': 123}",de024940c50dd6af9eceac7032824b90dd97e3fa39b438759983e3293dcaf6da,89d47720785ccb5b33da3abdaf81d1ae4c1cacf9b039230dd4330c6e4fedd3b3
16,2025-05-09 22:19:44.065889,"{'foo': 'baz', 'amount': 456}",89d47720785ccb5b33da3abdaf81d1ae4c1cacf9b039230dd4330c6e4fedd3b3,a9b678d282938bbd48c3e82aef0c03e7e7c16dcb59e431a95476074ae299261a
17,2025-05-09 22:19:44.753095,"{'foo': 'bar', 'amount': 123}",a9b678d282938bbd48c3e82aef0c03e7e7c16dcb59e431a95476074ae299261a,5bd1e26e48ed5f4b15b9231f1b28b41ec9f5fc3493ed27a4e9239190809a6a18
18,2025-05-09 22:19:44.753116,"{'foo': 'baz', 'amount': 456}",5bd1e26e48ed5f4b15b9231f1b28b41ec9f5fc3493ed27a4e9239190809a6a18,839b76ac0c35f7bb220513f978b70cb34350872d102013a2655b7e2f03b1ad9e
19,2025-05-09 22:19:45.487758,"{'foo': 'bar', 'amount': 123}",839b76ac0c35f7bb220513f978b70cb34350872d102013a2655b7e2f03b1ad9e,f6ea65eb2baaa6d5d3c3c8522ee6a2fc0b4dcddbbba62b523c393c80149d6622
20,2025-05-09 22:19:45.487784,"{'foo': 'baz', 'amount': 456}",f6ea65eb2baaa6d5d3c3c8522ee6a2fc0b4dcddbbba62b523c393c80149d6622,05e17819f9b332eaf1135cfd6450f767f903ec783cf8b883f4c3540f77621065
21,2025-05-09 22:19:46.187761,"{'foo': 'bar', 'amount': 123}",05e17819f9b332eaf1135cfd6450f767f903ec783cf8b883f4c3540f77621065,8f55dbaf623a48309cf5553ec986496ccec4218678e1e9f300c7dc2559fe7f48
22,2025-05-09 22:19:46.187791,"{'foo': 'baz', 'amount': 456}",8f55dbaf623a48309cf5553ec986496ccec4218678e1e9f300c7dc2559fe7f48,8d683b9113baae91302aa40fc86a6a735431fef3aefaa3d0e34746d69f7f9e59
23,2025-05-09 22:20:15.289221,"{'foo': 'bar', 'amount': 123}",8d683b9113baae91302aa40fc86a6a735431fef3aefaa3d0e34746d69f7f9e59,1f42eaf2b3e137275b59a129609bc031211156b8696fbc8fbad0fa25d6b6db12
24,2025-05-09 22:20:15.289245,"{'foo': 'baz', 'amount': 456}",1f42eaf2b3e137275b59a129609bc031211156b8696fbc8fbad0fa25d6b6db12,6e47f30092bf72fe9114d5bac43b4852d0050d622ea0df41738672ee2830b053
25,2025-05-09 22:20:15.830984,"{'foo': 'bar', 'amount': 123}",6e47f30092bf72fe9114d5bac43b4852d0050d622ea0df41738672ee2830b053,ce35fb149d9c754c66e8286b2affa253b08ec9624b6db6a4339af56f7c00ab38
26,2025-05-09 22:20:15.831010,"{'foo': 'baz', 'amount': 456}",ce35fb149d9c754c66e8286b2affa253b08ec9624b6db6a4339af56f7c00ab38,1b5c0a98a50e9b5df14911d576ba7fe0503c4a5188cc9c502a46bfca0f3807b0
27,2025-05-09 22:20:16.329545,"{'foo': 'bar', 'amount': 123}",1b5c0a98a50e9b5df14911d576ba7fe0503c4a5188cc9c502a46bfca0f3807b0,ebd3e50b32324180ec0922da197d6ac7ab6a305bc51a4c16b60c2001549d6450
28,2025-05-09 22:20:16.329570,"{'foo': 'baz', 'amount': 456}",ebd3e50b32324180ec0922da197d6ac7ab6a305bc51a4c16b60c2001549d6450,6cb5fbafacc31d778fa19f1dfc26e9370d198b3912268627d11da165dffc0a08
29,2025-05-09 22:20:16.897521,"{'foo': 'bar', 'amount': 123}",6cb5fbafacc31d778fa19f1dfc26e9370d198b3912268627d11da165dffc0a08,a94dec9486320d59aa5ae4e9f0d012e712b0f999233621ff021a8ede2d5e09a4
30,2025-05-09 22:20:16.897549,"{'foo': 'baz', 'amount': 456}",a94dec9486320d59aa5ae4e9f0d012e712b0f999233621ff021a8ede2d5e09a4,36c34870367f6e949be262dab8e743f8974a6538723309e6a1b14281aedd719b
31,2025-05-09 22:20:17.391785,"{'foo': 'bar', 'amount': 123}",36c34870367f6e949be262dab8e743f8974a6538723309e6a1b14281aedd719b,fdc69481bc514cbec648e321130764222a5c3205ce0733abfbd104112af7ce08
32,2025-05-09 22:20:17.391813,"{'foo': 'baz', 'amount': 456}",fdc69481bc514cbec648e321130764222a5c3205ce0733abfbd104112af7ce08,7a9b0b124e90e9c78df76fdd492a8298b18ee3be888821a5c7225d99de29e2cc
33,2025-05-09 22:20:17.888059,"{'foo': 'bar', 'amount': 123}",7a9b0b124e90e9c78df76fdd492a8298b18ee3be888821a5c7225d99de29e2cc,56e6f69647f2788016c4fcca9ca30b8561b1b1e145e5ea8cb7de16ebb803993c
34,2025-05-09 22:20:17.888084,"{'foo': 'baz', 'amount': 456}",56e6f69647f2788016c4fcca9ca30b8561b1b1e145e5ea8cb7de16ebb803993c,ed1504dbc250c9908cb4bffc7c631589e2b6f598e15cb2277a690fcc9c1a836a
35,2025-05-09 22:20:18.386700,"{'foo': 'bar', 'amount': 123}",ed1504dbc250c9908cb4bffc7c631589e2b6f598e15cb2277a690fcc9c1a836a,6b4f02ad7218605c63016524b0d7be5e1633cdac1d6f1e00057cd32c35260e26
36,2025-05-09 22:20:18.386727,"{'foo': 'baz', 'amount': 456}",6b4f02ad7218605c63016524b0d7be5e1633cdac1d6f1e00057cd32c35260e26,e167dc30ee5e50b8023cb49cb645a2180375b6f9f6eb5e2da3fc41221b6c9346
37,2025-05-09 22:20:18.871434,"{'foo': 'bar', 'amount': 123}",e167dc30ee5e50b8023cb49cb645a2180375b6f9f6eb5e2da3fc41221b6c9346,4b24f47e36ca3c8822011893c9278b20492f99525ab1bac4b3865ea4a9004f40
38,2025-05-09 22:20:18.871463,"{'foo': 'baz', 'amount': 456}",4b24f47e36ca3c8822011893c9278b20492f99525ab1bac4b3865ea4a9004f40,c6902e49d68a60de7fcfa0b652359a77ab4ed8eb4b9ca2bf50c47ef2a4fc2f02
39,2025-05-09 22:20:19.417235,"{'foo': 'bar', 'amount': 123}",c6902e49d68a60de7fcfa0b652359a77ab4ed8eb4b9ca2bf50c47ef2a4fc2f02,0815a4668adb6d79bfe4ff488de92257ce50d35854c7530ff210c2b8fc97510a
40,2025-05-09 22:20:19.417294,"{'foo': 'baz', 'amount': 456}",0815a4668adb6d79bfe4ff488de92257ce50d35854c7530ff210c2b8fc97510a,2126e627cbc27fa42511b49bbcbcbbb6a82592004fe667d24a9452e2880a3c5f
41,2025-05-09 22:20:19.984774,"{'foo': 'bar', 'amount': 123}",2126e627cbc27fa42511b49bbcbcbbb6a82592004fe667d24a9452e2880a3c5f,1fe43b007f10c6cc57537fc9787b6c47c82b6b8dc13a6c878169252f0294961a
42,2025-05-09 22:20:19.984807,"{'foo': 'baz', 'amount': 456}",1fe43b007f10c6cc57537fc9787b6c47c82b6b8dc13a6c878169252f0294961a,a5785067c7dbad5abbd5625935e2219335a5f706ddc8b40f250e3fac6fdd3867
43,2025-05-09 22:20:48.331637,"{'foo': 'bar', 'amount': 123}",a5785067c7dbad5abbd5625935e2219335a5f706ddc8b40f250e3fac6fdd3867,e52747fe03b931903a3ee02aab631cbef42f783df36579bc120c90e6dccbc58d
44,2025-05-09 22:20:48.331661,"{'foo': 'baz', 'amount': 456}",e52747fe03b931903a3ee02aab631cbef42f783df36579bc120c90e6dccbc58d,36ddecc6d5a1e5ec607de1dab0c342e07954f7cde8aad0bb9ecc92ca735db3c7
45,2025-05-09 22:20:48.813083,"{'foo': 'bar', 'amount': 123}",36ddecc6d5a1e5ec607de1dab0c342e07954f7cde8aad0bb9ecc92ca735db3c7,7a73051f1a3908c60a11e9279f38c28942b603a89effa016478d4123134bd039
46,2025-05-09 22:20:48.813116,"{'foo': 'baz', 'amount': 456}",7a73051f1a3908c60a11e9279f38c28942b603a89effa016478d4123134bd039,c079477f00f7e788d720961f69ce3bd1274e67360d1107ada00b64d23062aab3
47,2025-05-09 22:20:49.327699,"{'foo': 'bar', 'amount': 123}",c079477f00f7e788d720961f69ce3bd1274e67360d1107ada00b64d23062aab3,f8b54ed10b4c482518903589ff8216255e770278cd531ba508affb8944271934
48,2025-05-09 22:20:49.327728,"{'foo': 'baz', 'amount': 456}",f8b54ed10b4c482518903589ff8216255e770278cd531ba508affb8944271934,a9fd78a1d486dcc3dcdb37370a2efd7d3dc4d0c89f64edf1acc9c430720b3994
49,2025-05-09 22:20:49.827316,"{'foo': 'bar', 'amount': 123}",a9fd78a1d486dcc3dcdb37370a2efd7d3dc4d0c89f64edf1acc9c430720b3994,58027780d34b6cdada70ad7c6b927ce937aaf01f90bc6e63791c7c30d019178b
50,2025-05-09 22:20:49.827348,"{'foo': 'baz', 'amount': 456}",58027780d34b6cdada70ad7c6b927ce937aaf01f90bc6e63791c7c30d019178b,8e201d9d01b7f96457829f43f465238dbf3b7f26817798e4a32680f2869f3c1d
51,2025-05-09 22:20:50.330037,"{'foo': 'bar', 'amount': 123}",8e201d9d01b7f96457829f43f465238dbf3b7f26817798e4a32680f2869f3c1d,88437154fcf6bd19c774923d7d65defd14c5a9a2833b5c018425a28ea281432f
52,2025-05-09 22:20:50.330063,"{'foo': 'baz', 'amount': 456}",88437154fcf6bd19c774923d7d65defd14c5a9a2833b5c018425a28ea281432f,d40daf37742328c98e1b1435342878c7112ac45f1ae4f4df7c0d4c3833730502
53,2025-05-09 22:20:50.819293,"{'foo': 'bar', 'amount': 123}",d40daf37742328c98e1b1435342878c7112ac45f1ae4f4df7c0d4c3833730502,34ed3199488eec38e707d04312a50e930833929c4d51c4de882a63216d8d2e35
54,2025-05-09 22:20:50.819319,"{'foo': 'baz', 'amount': 456}",34ed3199488eec38e707d04312a50e930833929c4d51c4de882a63216d8d2e35,11e0e273040329e757635ab41a7baf148b537137143f685e4319bb60ff89f7e1
55,2025-05-09 22:20:51.322528,"{'foo': 'bar', 'amount': 123}",11e0e273040329e757635ab41a7baf148b537137143f685e4319bb60ff89f7e1,6f93d5ba8d55864ad7b582a33bd0ed776d45f3b7f1d9f554c6a6ce0ca0287550
56,2025-05-09 22:20:51.322556,"{'foo': 'baz', 'amount': 456}",6f93d5ba8d55864ad7b582a33bd0ed776d45f3b7f1d9f554c6a6ce0ca0287550,39635a40fa098b967f3a9e8567b1be2200218273149cea2ce08df086e4c989ff
57,2025-05-09 22:20:51.802244,"{'foo': 'bar', 'amount': 123}",39635a40fa098b967f3a9e8567b1be2200218273149cea2ce08df086e4c989ff,c9c83f95b8073655110b139c781b24c411835ec1d3c9bca090a8fb9f34d1dfb7
58,2025-05-09 22:20:51.802272,"{'foo': 'baz', 'amount': 456}",c9c83f95b8073655110b139c781b24c411835ec1d3c9bca090a8fb9f34d1dfb7,b7526417f951fc78b7ea140e3fc6b030e1d943f0cd32557157c13eb17b8f04dd
59,2025-05-09 22:20:52.380548,"{'foo': 'bar', 'amount': 123}",b7526417f951fc78b7ea140e3fc6b030e1d943f0cd32557157c13eb17b8f04dd,c0e5af7d9ba2fa7fa825619127fdded9de465717db09799580f07820a9a71270
60,2025-05-09 22:20:52.380579,"{'foo': 'baz', 'amount': 456}",c0e5af7d9ba2fa7fa825619127fdded9de465717db09799580f07820a9a71270,4a170e4dabb94fb8528198010b4b4a9dc1e5e2b0039ac7437207af689a205977
61,2025-05-09 22:20:52.929853,"{'foo': 'bar', 'amount': 123}",4a170e4dabb94fb8528198010b4b4a9dc1e5e2b0039ac7437207af689a205977,a76480562593ae828e5368f2da7889a3a85880f48a85ef6ec8d6d4fc77219279
62,2025-05-09 22:20:52.929912,"{'foo': 'baz', 'amount': 456}",a76480562593ae828e5368f2da7889a3a85880f48a85ef6ec8d6d4fc77219279,b8cbfcd0b351957789d9ca9a60a81b315375b24928b5c450cd8791548ad982f9
63,2025-05-09 22:21:19.529360,"{'foo': 'bar', 'amount': 123}",b8cbfcd0b351957789d9ca9a60a81b315375b24928b5c450cd8791548ad982f9,ca2a0e6cbf22d01e06048b7b7fe8619c91b9913fc98cdf0311fd601c802d8290
64,2025-05-09 22:21:19.529388,"{'foo': 'baz', 'amount': 456}",ca2a0e6cbf22d01e06048b7b7fe8619c91b9913fc98cdf0311fd601c802d8290,ac4c09cc8a37f9c4ce19fb44d990ccb3feeab66d76d7818886f13516162f507e
65,2025-05-09 22:21:24.532709,"{'foo': 'bar', 'amount': 123}",ac4c09cc8a37f9c4ce19fb44d990ccb3feeab66d76d7818886f13516162f507e,78c5112117d43958d4393c7da1d12616c4465c6c71a00173ba45f21e4de4b62b
66,2025-05-09 22:21:24.532734,"{'foo': 'baz', 'amount': 456}",78c5112117d43958d4393c7da1d12616c4465c6c71a00173ba45f21e4de4b62b,3502f35e268166ddca78312f5a6f686a35c9b22953f7439ba4fa05596336f46e
67,2025-05-09 22:21:25.010916,"{'foo': 'bar', 'amount': 123}",3502f35e268166ddca78312f5a6f686a35c9b22953f7439ba4fa05596336f46e,9744fd10ba4e0d6785befc713abcca87df836c31f65d01e3b5d8bd4ffebadccf
68,2025-05-09 22:21:25.010946,"{'foo': 'baz', 'amount': 456}",9744fd10ba4e0d6785befc713abcca87df836c31f65d01e3b5d8bd4ffebadccf,9d57417c3fda21d38cca13ec5299750b6d1bf479a086f7690daabd0cb49e9b25
69,2025-05-09 22:21:25.582293,"{'foo': 'bar', 'amount': 123}",9d57417c3fda21d38cca13ec5299750b6d1bf479a086f7690daabd0cb49e9b25,fd8496d5508859a4a6f868fb201426ca3acc9dc4b2f9d5eb840573a8374d843a
70,2025-05-09 22:21:25.582323,"{'foo': 'baz', 'amount': 456}",fd8496d5508859a4a6f868fb201426ca3acc9dc4b2f9d5eb840573a8374d843a,53a2f38570aa87bf044da43816e48c76a3400af104ba3319af1a167fa851d4d7
71,2025-05-09 22:21:26.131995,"{'foo': 'bar', 'amount': 123}",53a2f38570aa87bf044da43816e48c76a3400af104ba3319af1a167fa851d4d7,7bd5bf3f157fd9e83ea3ddcff64f8707be9b7ece9e49e2fa3297afdfeea050fe
72,2025-05-09 22:21:26.132047,"{'foo': 'baz', 'amount': 456}",7bd5bf3f157fd9e83ea3ddcff64f8707be9b7ece9e49e2fa3297afdfeea050fe,1910b4230549a53f5b9ec805cd7c513989f0ff9d80c6a8f7f90a35c9a098840c
73,2025-05-09 22:21:26.730988,"{'foo': 'bar', 'amount': 123}",1910b4230549a53f5b9ec805cd7c513989f0ff9d80c6a8f7f90a35c9a098840c,fec0ba4676d5fce5430f08f5faf198c1a25b491d8264dbc35d20d0cbec398a4d
74,2025-05-09 22:21:26.731011,"{'foo': 'baz', 'amount': 456}",fec0ba4676d5fce5430f08f5faf198c1a25b491d8264dbc35d20d0cbec398a4d,bfac376e9baa17cf82777aa6221a3587b3d4086f9ce7c8842d0ed288f3ede671
75,2025-05-09 22:21:27.208909,"{'foo': 'bar', 'amount': 123}",bfac376e9baa17cf82777aa6221a3587b3d4086f9ce7c8842d0ed288f3ede671,b7a15d218fba63af553c6491eee727c0033d951f10dfd3fa0ddb1a93fc27a0fd
76,2025-05-09 22:21:27.208937,"{'foo': 'baz', 'amount': 456}",b7a15d218fba63af553c6491eee727c0033d951f10dfd3fa0ddb1a93fc27a0fd,cde295c6d784c074ea512cc64ffff06ff15a6f0e708475e5e4652a696a48ae33
77,2025-05-09 22:21:27.707191,"{'foo': 'bar', 'amount': 123}",cde295c6d784c074ea512cc64ffff06ff15a6f0e708475e5e4652a696a48ae33,0ea86bdaa4d65ff12bbcfb25a9c7f7ca1adb5c63e0fe4612dfa4f505849d7af1
78,2025-05-09 22:21:27.707225,"{'foo': 'baz', 'amount': 456}",0ea86bdaa4d65ff12bbcfb25a9c7f7ca1adb5c63e0fe4612dfa4f505849d7af1,ff176080acc4c0acca8cace10993a4b0853f4aecb7ead6be2b62e79d70481ec7
79,2025-05-09 22:21:28.244359,"{'foo': 'bar', 'amount': 123}",ff176080acc4c0acca8cace10993a4b0853f4aecb7ead6be2b62e79d70481ec7,659932c86707788770cf4447cb4a16213badfa9441ba450869f5c782480b5ec2
80,2025-05-09 22:21:28.244388,"{'foo': 'baz', 'amount': 456}",659932c86707788770cf4447cb4a16213badfa9441ba450869f5c782480b5ec2,5f8188e5eb5a8a11f82d0160b1752ac02d127abb608ef68db871fee16f1101c5
81,2025-05-09 22:21:28.752970,"{'foo': 'bar', 'amount': 123}",5f8188e5eb5a8a11f82d0160b1752ac02d127abb608ef68db871fee16f1101c5,96ce0daf612bf8eeb982aeb3d4ba8f4be48185aaec461dd3cb8493c4159713f5
82,2025-05-09 22:21:28.752992,"{'foo': 'baz', 'amount': 456}",96ce0daf612bf8eeb982aeb3d4ba8f4be48185aaec461dd3cb8493c4159713f5,8c802d3a922e0f07ef8b55fb4097c3d57ff17ce51a64afc58ca3555e8f0c630e
83,2025-05-09 22:24:24.325719,"{'foo': 'bar', 'amount': 123}",8c802d3a922e0f07ef8b55fb4097c3d57ff17ce51a64afc58ca3555e8f0c630e,33d755b9d4b6bd14a6cfd1bb40045cb84f560cdcee87d034b195c8ffcc567cbf
84,2025-05-09 22:24:24.325744,"{'foo': 'baz', 'amount': 456}",33d755b9d4b6bd14a6cfd1bb40045cb84f560cdcee87d034b195c8ffcc567cbf,658a2c90c5a3457c2b2208626cdaf874ccf123b58cb429bc8c8cc63c2945f9db
85,2025-05-09 22:24:30.234449,"{'foo': 'bar', 'amount': 123}",658a2c90c5a3457c2b2208626cdaf874ccf123b58cb429bc8c8cc63c2945f9db,4d65246834a8722933780dd4b53284acf6733c22d9d83ddc6ca07de67814c9ae
86,2025-05-09 22:24:30.234475,"{'foo': 'baz', 'amount': 456}",4d65246834a8722933780dd4b53284acf6733c22d9d83ddc6ca07de67814c9ae,3701f59dc62caa7959b4d149a812f979d6c0f6ead134de4732677b49713909d9
